date,avg_power_kw,daily_energy_kwh
2006-12-16,3.0534747474747475,73.28339393939393
2006-12-17,2.354486111111111,56.507666666666665
2006-12-18,1.5304347222222223,36.73043333333334
2006-12-19,1.1570791666666667,27.7699
2006-12-20,1.5456583333333334,37.0958
2006-12-21,1.193757997218359,28.650191933240613
2006-12-22,1.6259291666666669,39.0223
2006-12-23,3.314851388888889,79.55643333333333
2006-12-24,1.7708416666666669,42.50020000000001
2006-12-25,1.9049444444444443,45.718666666666664
2006-12-26,2.7320208333333333,65.5685
2006-12-27,1.0616388888888888,25.47933333333333
2006-12-28,1.4393319444444443,34.54396666666666
2006-12-29,2.204438888888889,52.90653333333333
2006-12-30,1.939709318497914,46.553023643949935
2006-12-31,2.426525,58.236599999999996
2007-01-01,1.9090305555555556,45.81673333333333
2007-01-02,0.8814138888888889,21.153933333333335
2007-01-03,0.7042041666666666,16.9009
2007-01-04,2.2634805555555553,54.32353333333333
2007-01-05,1.8842805555555555,45.22273333333333
2007-01-06,1.047484722222222,25.13963333333333
2007-01-07,1.6997361111111111,40.79366666666667
2007-01-08,1.5565,37.356
2007-01-09,1.2979541666666667,31.1509
2007-01-10,1.496388888888889,35.913333333333334
2007-01-11,1.5661069444444444,37.58656666666667
2007-01-12,1.014788888888889,24.354933333333335
2007-01-13,2.2130652777777775,53.11356666666666
2007-01-14,2.0902126476719944,50.16510354412787
2007-01-15,1.4921375,35.811299999999996
2007-01-16,1.1711138888888888,28.10673333333333
2007-01-17,1.977561111111111,47.46146666666667
2007-01-18,1.2649041666666667,30.3577
2007-01-19,1.0280833333333335,24.674000000000003
2007-01-20,2.1762027777777777,52.22886666666666
2007-01-21,2.366154166666667,56.78770000000001
2007-01-22,1.5142319444444445,36.341566666666665
2007-01-23,1.2344722222222222,29.627333333333333
2007-01-24,2.074898611111111,49.79756666666667
2007-01-25,1.1085722222222223,26.605733333333333
2007-01-26,1.1235916666666665,26.966199999999997
2007-01-27,1.4194944444444444,34.06786666666667
2007-01-28,2.147466296038916,51.53919110493399
2007-01-29,1.37685,33.044399999999996
2007-01-30,1.1859708333333334,28.463300000000004
2007-01-31,1.6414944444444444,39.39586666666666
2007-02-01,1.2671944444444445,30.412666666666667
2007-02-02,1.15815,27.7956
2007-02-03,2.7984180555555556,67.16203333333334
2007-02-04,2.4971805555555555,59.93233333333333
2007-02-05,1.1425555555555555,27.421333333333333
2007-02-06,0.8843611111111112,21.224666666666668
2007-02-07,1.6166791666666667,38.8003
2007-02-08,1.2509819444444443,30.023566666666664
2007-02-09,1.1251375000000001,27.003300000000003
2007-02-10,1.964811111111111,47.15546666666667
2007-02-11,2.4800194444444443,59.520466666666664
2007-02-12,1.3038958333333333,31.293499999999998
2007-02-13,0.9823236111111111,23.575766666666667
2007-02-14,1.735188888888889,41.644533333333335
2007-02-15,1.3787125,33.0891
2007-02-16,1.182311111111111,28.375466666666668
2007-02-17,1.4423,34.6152
2007-02-18,2.6595569444444447,63.82936666666667
2007-02-19,1.5184819444444444,36.44356666666667
2007-02-20,2.18745,52.4988
2007-02-21,1.4394958333333332,34.5479
2007-02-22,2.3431696801112656,56.236072322670374
2007-02-23,0.9121388888888889,21.891333333333336
2007-02-24,0.4964736111111111,11.915366666666667
2007-02-25,0.3484305555555556,8.362333333333334
2007-02-26,0.3947805555555556,9.474733333333333
2007-02-27,0.35979999999999995,8.6352
2007-02-28,0.36164861111111113,8.679566666666666
2007-03-01,0.3594194444444444,8.626066666666667
2007-03-02,0.35811666666666664,8.5948
2007-03-03,0.5688347222222222,13.652033333333332
2007-03-04,1.4518749999999998,34.845
2007-03-05,1.8474527777777776,44.33886666666666
2007-03-06,0.865625,20.775
2007-03-07,1.6494486111111113,39.58676666666667
2007-03-08,1.0917583333333334,26.2022
2007-03-09,0.8837583333333334,21.2102
2007-03-10,1.7254944444444444,41.41186666666667
2007-03-11,2.417108333333333,58.0106
2007-03-12,1.3546305555555556,32.51113333333333
2007-03-13,0.8959333333333334,21.5024
2007-03-14,1.2453916666666667,29.889400000000002
2007-03-15,1.3088986111111112,31.413566666666668
2007-03-16,1.1819819444444446,28.36756666666667
2007-03-17,1.4083958333333333,33.8015
2007-03-18,1.6465597222222221,39.51743333333333
2007-03-19,1.4948041666666667,35.8753
2007-03-20,1.4487694444444446,34.77046666666667
2007-03-21,1.487563888888889,35.70153333333333
2007-03-22,1.010401388888889,24.249633333333335
2007-03-23,0.9090333333333334,21.8168
2007-03-24,2.0614097222222223,49.47383333333333
2007-03-25,2.318362751911049,55.64070604586517
2007-03-26,0.9833902777777779,23.60136666666667
2007-03-27,0.7674583333333334,18.419
2007-03-28,1.6207625,38.898300000000006
2007-03-29,1.1044486111111111,26.506766666666667
2007-03-30,0.9738847222222222,23.37323333333333
2007-03-31,2.4371597222222223,58.49183333333333
2007-04-01,1.9346888888888887,46.432533333333325
2007-04-02,1.3616513888888888,32.67963333333333
2007-04-03,1.1408472222222221,27.380333333333333
2007-04-04,1.4249083333333332,34.1978
2007-04-05,1.2806097222222221,30.73463333333333
2007-04-06,1.111902777777778,26.68566666666667
2007-04-07,1.079113888888889,25.898733333333332
2007-04-08,1.1172333333333333,26.8136
2007-04-09,0.6950833333333333,16.682
2007-04-10,0.5398361111111112,12.956066666666668
2007-04-11,0.6163069444444444,14.791366666666667
2007-04-12,0.37340694444444444,8.961766666666666
2007-04-13,0.3826541666666667,9.1837
2007-04-14,0.38490833333333335,9.2378
2007-04-15,0.5042805555555555,12.102733333333333
2007-04-16,0.6613819444444444,15.873166666666666
2007-04-17,0.8498152777777778,20.395566666666667
2007-04-18,0.6932263888888889,16.637433333333334
2007-04-19,0.7143458333333332,17.144299999999998
2007-04-20,0.5712361111111112,13.709666666666667
2007-04-21,1.162261111111111,27.894266666666663
2007-04-22,1.5511902777777777,37.228566666666666
2007-04-23,0.7323375,17.5761
2007-04-24,0.716736111111111,17.201666666666664
2007-04-25,0.8778902777777778,21.069366666666667
2007-04-26,0.8857402777777778,21.257766666666665
2007-04-27,0.7599527777777778,18.238866666666667
2007-04-28,1.0827619047619048,25.986285714285714
2007-04-30,0.73059375,17.53425
2007-05-01,1.1554569444444445,27.730966666666667
2007-05-02,0.6968652777777777,16.724766666666667
2007-05-03,0.7571097222222223,18.170633333333335
2007-05-04,0.6931444444444445,16.635466666666666
2007-05-05,1.0854527777777778,26.050866666666668
2007-05-06,1.4597944444444444,35.035066666666665
2007-05-07,1.1414333333333333,27.394399999999997
2007-05-08,1.2425638888888888,29.82153333333333
2007-05-09,1.1567611111111111,27.76226666666667
2007-05-10,0.4915861111111111,11.798066666666667
2007-05-11,0.6799680555555555,16.319233333333333
2007-05-12,1.0010875000000001,24.026100000000003
2007-05-13,1.1352347222222223,27.245633333333338
2007-05-14,1.0192930555555555,24.463033333333332
2007-05-15,0.62805,15.0732
2007-05-16,1.1756555555555555,28.215733333333333
2007-05-17,0.8554277777777778,20.530266666666666
2007-05-18,1.1330069444444444,27.192166666666665
2007-05-19,0.9926680555555556,23.824033333333333
2007-05-20,1.3668944444444444,32.80546666666667
2007-05-21,0.7778208333333333,18.6677
2007-05-22,0.7867027777777779,18.88086666666667
2007-05-23,1.0173166666666666,24.415599999999998
2007-05-24,0.8016583333333333,19.2398
2007-05-25,1.1209861111111112,26.90366666666667
2007-05-26,1.0501722222222223,25.204133333333335
2007-05-27,1.4957,35.8968
2007-05-28,1.1371305555555555,27.291133333333335
2007-05-29,0.7370416666666666,17.689
2007-05-30,1.1179625,26.8311
2007-05-31,0.6517708333333333,15.642499999999998
2007-06-01,0.7261417651146629,17.42740236275191
2007-06-02,1.0308069444444445,24.73936666666667
2007-06-03,1.4639069444444444,35.133766666666666
2007-06-04,0.6330680555555556,15.193633333333334
2007-06-05,1.0131194444444445,24.314866666666667
2007-06-06,1.176954829742877,28.246915913829046
2007-06-07,0.6840291666666667,16.4167
2007-06-08,1.491698611111111,35.80076666666666
2007-06-09,0.7559300998573467,18.142322396576322
2007-06-10,0.9311194444444444,22.346866666666664
2007-06-11,0.5518430555555556,13.244233333333334
2007-06-12,0.6380319444444444,15.312766666666667
2007-06-13,0.643938888888889,15.454533333333334
2007-06-14,0.8743638888888889,20.984733333333335
2007-06-15,0.687225,16.4934
2007-06-16,1.4012236111111112,33.62936666666667
2007-06-17,1.3521458333333334,32.4515
2007-06-18,0.47116250000000004,11.3079
2007-06-19,0.5857858136300418,14.058859527121003
2007-06-20,0.7460319444444445,17.904766666666667
2007-06-21,0.5603791666666667,13.4491
2007-06-22,0.3932597222222222,9.438233333333333
2007-06-23,0.33164305555555557,7.959433333333333
2007-06-24,0.49628888888888884,11.910933333333332
2007-06-25,0.7445847222222223,17.870033333333335
2007-06-26,0.6561861111111111,15.748466666666667
2007-06-27,1.0283513888888889,24.680433333333333
2007-06-28,0.8996097222222222,21.590633333333333
2007-06-29,0.906322446143155,21.75173870743572
2007-06-30,0.9273013888888889,22.255233333333333
2007-07-01,0.7129611111111112,17.111066666666666
2007-07-02,0.67155,16.1172
2007-07-03,0.73605,17.6652
2007-07-04,0.6968125,16.723499999999998
2007-07-05,0.7342291666666666,17.621499999999997
2007-07-06,0.7427250000000001,17.825400000000002
2007-07-07,0.943198611111111,22.636766666666666
2007-07-08,0.7563055555555555,18.15133333333333
2007-07-09,0.8195541666666666,19.6693
2007-07-10,0.6307805555555556,15.138733333333334
2007-07-11,0.5016333333333333,12.039199999999997
2007-07-12,0.7427652777777779,17.82636666666667
2007-07-13,0.5516541666666667,13.2397
2007-07-14,0.8945625,21.4695
2007-07-15,0.700018320610687,16.80043969465649
2007-07-16,0.5928291666666666,14.227899999999998
2007-07-17,0.49974444444444444,11.993866666666666
2007-07-18,0.5257513888888888,12.618033333333333
2007-07-19,0.47075416666666664,11.2981
2007-07-20,0.771126388888889,18.507033333333336
2007-07-21,0.7362833333333334,17.6708
2007-07-22,0.9560625434329396,22.94550104239055
2007-07-23,0.6882069444444444,16.516966666666665
2007-07-24,0.5731138888888889,13.754733333333334
2007-07-25,0.32816666666666666,7.8759999999999994
2007-07-26,0.6420138888888889,15.408333333333333
2007-07-27,0.8350791666666666,20.0419
2007-07-28,1.1262930555555557,27.031033333333337
2007-07-29,0.2229972222222222,5.351933333333333
2007-07-30,0.3241777777777778,7.780266666666667
2007-07-31,0.5641194444444444,13.538866666666665
2007-08-01,0.7472431289640592,17.93383509513742
2007-08-02,0.7079277777777778,16.990266666666667
2007-08-03,0.7384472222222223,17.722733333333334
2007-08-04,0.7951319444444445,19.083166666666667
2007-08-05,0.5465958333333333,13.118299999999998
2007-08-06,0.75675,18.162
2007-08-07,1.0302638888888889,24.726333333333333
2007-08-08,0.7815847222222222,18.758033333333334
2007-08-09,0.7442222222222222,17.861333333333334
2007-08-10,0.7138958333333333,17.133499999999998
2007-08-11,0.7580902777777778,18.194166666666668
2007-08-12,0.8624333333333334,20.6984
2007-08-13,0.8007027777777778,19.216866666666668
2007-08-14,0.6536041666666667,15.686499999999999
2007-08-15,0.8276805555555555,19.864333333333335
2007-08-16,0.6656222222222222,15.974933333333333
2007-08-17,0.7013138888888888,16.831533333333333
2007-08-18,0.24163888888888888,5.799333333333333
2007-08-19,0.9877041666666667,23.704900000000002
2007-08-20,0.929751388888889,22.314033333333334
2007-08-21,0.44621944444444445,10.709266666666666
2007-08-22,0.8401444444444445,20.163466666666668
2007-08-23,0.7724388888888888,18.53853333333333
2007-08-24,1.1509478804725504,27.62274913134121
2007-08-25,0.7992222222222223,19.181333333333335
2007-08-26,0.9131291666666667,21.9151
2007-08-27,0.8414791666666667,20.1955
2007-08-28,0.6923638888888889,16.616733333333332
2007-08-29,0.5194388888888889,12.466533333333334
2007-08-30,0.8350402777777778,20.040966666666666
2007-08-31,0.8887652777777777,21.330366666666663
2007-09-01,1.1815875,28.3581
2007-09-02,1.1544916666666667,27.7078
2007-09-03,0.7214736111111111,17.315366666666666
2007-09-04,1.1006555555555555,26.415733333333332
2007-09-05,0.8587305555555554,20.60953333333333
2007-09-06,0.6260236111111112,15.024566666666669
2007-09-07,0.9281222222222223,22.274933333333337
2007-09-08,1.020661111111111,24.495866666666664
2007-09-09,1.1663208333333333,27.991699999999998
2007-09-10,0.7759555555555555,18.622933333333332
2007-09-11,0.6830361111111111,16.392866666666666
2007-09-12,0.8942805555555555,21.462733333333333
2007-09-13,0.7960986111111111,19.106366666666666
2007-09-14,0.7885208333333333,18.924500000000002
2007-09-15,0.7606333333333333,18.2552
2007-09-16,1.1473777777777778,27.537066666666668
2007-09-17,1.0147125,24.353099999999998
2007-09-18,0.8107777777777778,19.458666666666666
2007-09-19,0.9018638888888889,21.644733333333335
2007-09-20,0.8718972222222222,20.925533333333334
2007-09-21,0.8602638888888888,20.64633333333333
2007-09-22,0.8167861111111111,19.602866666666667
2007-09-23,0.9847013888888889,23.632833333333334
2007-09-24,0.9406458333333333,22.575499999999998
2007-09-25,1.2252375,29.4057
2007-09-26,1.267221140472879,30.4133073713491
2007-09-27,0.9670833333333333,23.21
2007-09-28,1.1670125,28.0083
2007-09-29,1.5948069444444444,38.27536666666666
2007-09-30,1.0529791666666666,25.271499999999996
2007-10-01,1.1950847222222223,28.682033333333337
2007-10-02,1.526988888888889,36.647733333333335
2007-10-03,0.8892041666666667,21.3409
2007-10-04,1.0544847222222222,25.307633333333335
2007-10-05,0.9681194444444445,23.23486666666667
2007-10-06,1.2196111111111112,29.27066666666667
2007-10-07,1.4625791666666668,35.1019
2007-10-08,0.7605847222222222,18.254033333333332
2007-10-09,1.172123611111111,28.130966666666666
2007-10-10,0.8103972222222222,19.449533333333335
2007-10-11,1.2030874999999999,28.8741
2007-10-12,1.3295166666666667,31.9084
2007-10-13,1.3380055555555557,32.11213333333333
2007-10-14,1.431425,34.3542
2007-10-15,0.8793958333333333,21.1055
2007-10-16,1.3641958333333333,32.7407
2007-10-17,1.0950902777777778,26.28216666666667
2007-10-18,1.054534722222222,25.308833333333332
2007-10-19,1.4483666666666668,34.7608
2007-10-20,1.1529486111111111,27.670766666666665
2007-10-21,1.3485694444444445,32.36566666666667
2007-10-22,1.1478444444444444,27.548266666666667
2007-10-23,1.3592823365785813,32.62277607788595
2007-10-24,1.2955805555555555,31.093933333333332
2007-10-25,1.2874430555555554,30.89863333333333
2007-10-26,0.9983111111111111,23.959466666666668
2007-10-27,1.2400611111111113,29.76146666666667
2007-10-28,0.3556652777777778,8.535966666666667
2007-10-29,0.37876944444444444,9.090466666666666
2007-10-30,0.5632,13.5168
2007-10-31,0.8911180555555556,21.386833333333335
2007-11-01,0.3445944444444444,8.270266666666666
2007-11-02,1.002501388888889,24.060033333333337
2007-11-03,0.3420486111111111,8.209166666666667
2007-11-04,1.0317263888888888,24.76143333333333
2007-11-05,1.0420777777777779,25.009866666666667
2007-11-06,1.4460958333333334,34.7063
2007-11-07,1.2810819444444446,30.745966666666668
2007-11-08,1.0424027777777778,25.017666666666667
2007-11-09,1.5077958333333334,36.1871
2007-11-10,1.813611111111111,43.526666666666664
2007-11-11,1.3105027777777778,31.452066666666667
2007-11-12,1.4973236111111112,35.935766666666666
2007-11-13,1.537776388888889,36.90663333333333
2007-11-14,1.4222180555555555,34.13323333333333
2007-11-15,1.0361027777777778,24.866466666666668
2007-11-16,1.6039958333333333,38.4959
2007-11-17,1.8125652777777779,43.50156666666667
2007-11-18,1.5165680555555556,36.39763333333333
2007-11-19,1.1969819444444445,28.727566666666668
2007-11-20,1.4554555555555557,34.930933333333336
2007-11-21,1.217398193189715,29.217556636553162
2007-11-22,1.3419291666666666,32.2063
2007-11-23,1.7518180555555556,42.04363333333333
2007-11-24,1.3187875,31.6509
2007-11-25,0.9691652777777777,23.259966666666664
2007-11-26,1.0900805555555555,26.16193333333333
2007-11-27,1.9451472222222224,46.68353333333334
2007-11-28,1.1423194444444444,27.415666666666667
2007-11-29,1.194739402362752,28.673745656706046
2007-11-30,1.6192555555555557,38.86213333333333
2007-12-01,2.1770430555555556,52.24903333333333
2007-12-02,2.045963888888889,49.10313333333334
2007-12-03,1.2236527777777777,29.367666666666665
2007-12-04,1.4358583333333332,34.4606
2007-12-05,1.4952222222222222,35.885333333333335
2007-12-06,1.7277319444444446,41.46556666666667
2007-12-07,1.2284833333333334,29.483600000000003
2007-12-08,1.5370861111111112,36.89006666666667
2007-12-09,1.5795722222222222,37.909733333333335
2007-12-10,1.2213569444444443,29.31256666666666
2007-12-11,1.6007666666666664,38.41839999999999
2007-12-12,1.1028208333333334,26.4677
2007-12-13,1.2831569444444446,30.795766666666673
2007-12-14,1.3713944444444444,32.913466666666665
2007-12-15,1.9006083333333335,45.6146
2007-12-16,1.9182069444444443,46.036966666666665
2007-12-17,1.2488297428769979,29.97191382904795
2007-12-18,1.8216625,43.719899999999996
2007-12-19,1.5250361111111113,36.60086666666667
2007-12-20,1.353998611111111,32.49596666666667
2007-12-21,1.3767888888888888,33.04293333333333
2007-12-22,1.8133777777777778,43.52106666666667
2007-12-23,1.67295,40.1508
2007-12-24,1.56795,37.6308
2007-12-25,1.8715055555555555,44.916133333333335
2007-12-26,1.7918611111111113,43.00466666666667
2007-12-27,1.7584708333333332,42.2033
2007-12-28,2.1618416666666667,51.8842
2007-12-29,2.290941666666667,54.982600000000005
2007-12-30,1.777025,42.6486
2007-12-31,1.5392652777777778,36.942366666666665
2008-01-01,1.916484722222222,45.99563333333333
2008-01-02,1.1417402777777779,27.401766666666667
2008-01-03,1.048686111111111,25.168466666666664
2008-01-04,1.5915638888888888,38.19753333333333
2008-01-05,1.5161444444444445,36.38746666666667
2008-01-06,1.2674888888888889,30.419733333333333
2008-01-07,1.177648611111111,28.263566666666666
2008-01-08,1.4191319444444443,34.05916666666666
2008-01-09,1.2419722222222223,29.807333333333332
2008-01-10,1.3153305555555557,31.567933333333336
2008-01-11,1.1845958333333333,28.4303
2008-01-12,1.9940333333333333,47.8568
2008-01-13,2.0025406532314105,48.060975677553856
2008-01-14,1.4062027777777777,33.748866666666665
2008-01-15,1.865911111111111,44.781866666666666
2008-01-16,1.4832305555555554,35.59753333333333
2008-01-17,1.0918625,26.2047
2008-01-18,1.5187416666666667,36.449799999999996
2008-01-19,1.3752125,33.0051
2008-01-20,1.208588888888889,29.006133333333334
2008-01-21,1.2909708333333334,30.9833
2008-01-22,1.6145958333333335,38.7503
2008-01-23,1.3071583333333334,31.3718
2008-01-24,1.142376388888889,27.417033333333336
2008-01-25,1.5554555555555558,37.33093333333334
2008-01-26,1.9687416666666666,47.2498
2008-01-27,1.6540041666666667,39.6961
2008-01-28,1.6029138888888887,38.46993333333333
2008-01-29,1.85835,44.6004
2008-01-30,1.1393375,27.344099999999997
2008-01-31,1.3568902777777778,32.56536666666667
2008-02-01,1.0657305555555556,25.577533333333335
2008-02-02,2.040329395413482,48.96790548992357
2008-02-03,1.4476166666666668,34.7428
2008-02-04,1.130651388888889,27.135633333333335
2008-02-05,1.7169833333333335,41.207600000000006
2008-02-06,1.1594027777777778,27.825666666666667
2008-02-07,1.0543819444444444,25.305166666666665
2008-02-08,1.3545583333333333,32.5094
2008-02-09,1.4599138888888887,35.03793333333333
2008-02-10,1.5171625,36.4119
2008-02-11,1.1750111111111112,28.20026666666667
2008-02-12,1.3804152777777778,33.12996666666667
2008-02-13,1.319790277777778,31.67496666666667
2008-02-14,1.1143208333333334,26.743700000000004
2008-02-15,1.3925055555555557,33.42013333333334
2008-02-16,1.6298249999999999,39.11579999999999
2008-02-17,1.3426166666666666,32.2228
2008-02-18,1.0516694444444445,25.24006666666667
2008-02-19,1.477025,35.4486
2008-02-20,1.5651319444444445,37.56316666666667
2008-02-21,1.1346180555555554,27.23083333333333
2008-02-22,1.2031694444444445,28.876066666666667
2008-02-23,1.2753616133518777,30.608678720445063
2008-02-24,0.8770888888888889,21.050133333333335
2008-02-25,0.35033888888888887,8.408133333333332
2008-02-26,0.3521666666666667,8.452
2008-02-27,0.39355555555555555,9.445333333333334
2008-02-28,0.35359999999999997,8.4864
2008-02-29,0.9259361111111111,22.222466666666666
2008-03-01,0.7929694444444444,19.031266666666667
2008-03-02,0.8071013888888889,19.370433333333335
2008-03-03,0.7226041666666666,17.342499999999998
2008-03-04,1.1590208333333334,27.8165
2008-03-05,1.4147277777777778,33.95346666666667
2008-03-06,1.7383388888888889,41.72013333333334
2008-03-07,1.2937194444444444,31.049266666666668
2008-03-08,1.5615694444444443,37.477666666666664
2008-03-09,1.083651388888889,26.007633333333338
2008-03-10,1.1240875,26.978099999999998
2008-03-11,1.5278069444444444,36.667366666666666
2008-03-12,1.2321055555555556,29.570533333333334
2008-03-13,1.1635513888888889,27.92523333333333
2008-03-14,1.5348749999999998,36.836999999999996
2008-03-15,1.0946527777777777,26.271666666666665
2008-03-16,1.2513611111111111,30.032666666666668
2008-03-17,1.1853597222222223,28.448633333333333
2008-03-18,1.3316430555555556,31.959433333333337
2008-03-19,0.9086444444444445,21.807466666666667
2008-03-20,0.8703291666666667,20.887900000000002
2008-03-21,1.4350291666666666,34.4407
2008-03-22,1.4260527777777778,34.22526666666667
2008-03-23,1.6152708333333332,38.76649999999999
2008-03-24,1.3722501737317583,32.9340041695622
2008-03-25,1.3999,33.5976
2008-03-26,1.1343555555555556,27.224533333333333
2008-03-27,0.9519597222222222,22.847033333333336
2008-03-28,1.3093222222222223,31.423733333333335
2008-03-29,1.716076388888889,41.185833333333335
2008-03-30,1.4905499999999998,35.773199999999996
2008-03-31,0.9566458333333333,22.9595
2008-04-01,1.4785083333333335,35.4842
2008-04-02,1.1747722222222223,28.194533333333336
2008-04-03,0.7838583333333334,18.812600000000003
2008-04-04,1.1332763888888888,27.198633333333333
2008-04-05,1.3685847222222223,32.84603333333334
2008-04-06,1.1779986111111111,28.271966666666668
2008-04-07,1.0686375,25.647299999999998
2008-04-08,1.8454972222222223,44.29193333333333
2008-04-09,0.8464250000000001,20.314200000000003
2008-04-10,1.0262125,24.6291
2008-04-11,1.3039333333333334,31.294400000000003
2008-04-12,1.9444541666666668,46.666900000000005
2008-04-13,1.5506847222222222,37.216433333333335
2008-04-14,1.1038763888888887,26.49303333333333
2008-04-15,1.1600041666666667,27.8401
2008-04-16,1.0340722222222223,24.817733333333337
2008-04-17,0.9693486111111111,23.264366666666668
2008-04-18,1.293326388888889,31.039833333333338
2008-04-19,1.565076388888889,37.56183333333334
2008-04-20,1.2440402777777777,29.856966666666665
2008-04-21,0.8084416666666666,19.4026
2008-04-22,1.1303305555555556,27.127933333333335
2008-04-23,0.9425888888888889,22.622133333333334
2008-04-24,0.7248416666666666,17.3962
2008-04-25,0.8803708333333333,21.1289
2008-04-26,0.6271986111111112,15.052766666666669
2008-04-27,0.7001666666666667,16.804000000000002
2008-04-28,0.457675,10.9842
2008-04-29,1.3698722222222222,32.876933333333334
2008-04-30,0.7650874999999999,18.362099999999998
2008-05-01,0.40000972222222225,9.600233333333334
2008-05-02,1.0401166666666666,24.962799999999998
2008-05-03,0.8955555555555554,21.493333333333332
2008-05-04,1.0215069444444445,24.516166666666667
2008-05-05,0.9492583333333333,22.7822
2008-05-06,1.2430416666666666,29.833
2008-05-07,0.81685,19.6044
2008-05-08,1.4699291666666665,35.278299999999994
2008-05-09,1.2133833333333333,29.121199999999998
2008-05-10,1.3257833333333333,31.8188
2008-05-11,1.1186944444444444,26.848666666666666
2008-05-12,1.058475,25.4034
2008-05-13,1.0256208333333334,24.614900000000002
2008-05-14,1.1001819444444445,26.404366666666668
2008-05-15,0.8074777777777778,19.37946666666667
2008-05-16,1.14605702364395,27.505368567454802
2008-05-17,1.1510097222222222,27.624233333333333
2008-05-18,1.2527486111111112,30.065966666666668
2008-05-19,0.7154597222222222,17.171033333333334
2008-05-20,1.0981486111111112,26.355566666666668
2008-05-21,0.9195222222222222,22.068533333333335
2008-05-22,0.6783805555555555,16.281133333333333
2008-05-23,1.0311916666666667,24.748600000000003
2008-05-24,1.0973444444444445,26.336266666666667
2008-05-25,1.4225722222222221,34.141733333333335
2008-05-26,0.8956319444444445,21.49516666666667
2008-05-27,1.1865972222222223,28.478333333333335
2008-05-28,0.7738694444444445,18.57286666666667
2008-05-29,0.7882472222222222,18.917933333333334
2008-05-30,0.9703083333333333,23.287399999999998
2008-05-31,1.1399097222222223,27.357833333333335
2008-06-01,1.2839416666666668,30.814600000000002
2008-06-02,0.7458416666666666,17.900199999999998
2008-06-03,1.1095944444444445,26.63026666666667
2008-06-04,1.1034111111111111,26.48186666666667
2008-06-05,0.7778319444444445,18.66796666666667
2008-06-06,0.8456347222222221,20.295233333333332
2008-06-07,1.3072805555555556,31.37473333333333
2008-06-08,1.0710569444444444,25.705366666666666
2008-06-09,0.9206236111111111,22.094966666666668
2008-06-10,0.7410347222222222,17.78483333333333
2008-06-11,0.7800041666666666,18.7201
2008-06-12,0.8745361111111112,20.988866666666667
2008-06-13,1.3024878387769283,31.25970813064628
2008-06-14,0.9617500000000001,23.082
2008-06-15,1.5896541666666666,38.1517
2008-06-16,0.9048916666666668,21.7174
2008-06-17,0.7951972222222222,19.084733333333332
2008-06-18,1.3150055555555555,31.560133333333333
2008-06-19,1.1028347222222221,26.46803333333333
2008-06-20,1.1639611111111112,27.93506666666667
2008-06-21,1.2043430555555554,28.90423333333333
2008-06-22,1.087788888888889,26.106933333333334
2008-06-23,0.8693027777777778,20.863266666666668
2008-06-24,1.2183694444444444,29.240866666666665
2008-06-25,0.8762291666666666,21.0295
2008-06-26,0.7333472222222223,17.600333333333335
2008-06-27,1.2188555555555556,29.252533333333332
2008-06-28,0.8394444444444444,20.14666666666667
2008-06-29,0.5203833333333333,12.4892
2008-06-30,0.5584694444444445,13.403266666666667
2008-07-01,0.8439166666666666,20.253999999999998
2008-07-02,0.7966680555555555,19.120033333333332
2008-07-03,0.7627499999999999,18.305999999999997
2008-07-04,0.6541805555555555,15.700333333333333
2008-07-05,1.0202,24.4848
2008-07-06,1.2535166666666666,30.0844
2008-07-07,0.6829097222222222,16.389833333333335
2008-07-08,0.7820930555555555,18.770233333333334
2008-07-09,0.6384152777777777,15.321966666666665
2008-07-10,0.8689416666666667,20.8546
2008-07-11,0.8709833333333332,20.903599999999997
2008-07-12,0.9228138888888889,22.147533333333335
2008-07-13,0.8718734353268428,20.924962447844226
2008-07-14,0.7902263888888889,18.965433333333333
2008-07-15,0.8026805555555555,19.264333333333333
2008-07-16,0.7479597222222222,17.95103333333333
2008-07-17,0.9160569444444445,21.985366666666668
2008-07-18,0.8761,21.0264
2008-07-19,0.9333430555555555,22.400233333333333
2008-07-20,0.6538430555555556,15.692233333333334
2008-07-21,0.8031097222222223,19.274633333333334
2008-07-22,0.5140569444444444,12.337366666666664
2008-07-23,0.6546041666666667,15.7105
2008-07-24,0.7593402777777778,18.22416666666667
2008-07-25,0.6010652777777777,14.425566666666665
2008-07-26,0.5664472222222222,13.594733333333334
2008-07-27,0.7968027777777777,19.123266666666666
2008-07-28,0.573475,13.763399999999999
2008-07-29,0.8101097222222222,19.442633333333333
2008-07-30,0.9027138888888888,21.66513333333333
2008-07-31,0.9671097222222221,23.21063333333333
2008-08-01,0.5135944444444445,12.326266666666667
2008-08-02,0.35123333333333334,8.4296
2008-08-03,0.35054305555555554,8.413033333333333
2008-08-04,0.7824322446143156,18.778373870743575
2008-08-05,0.5743875,13.785300000000001
2008-08-06,0.22646666666666668,5.4352
2008-08-07,0.23255833333333334,5.5814
2008-08-08,0.2098611111111111,5.036666666666667
2008-08-09,0.24925277777777777,5.982066666666666
2008-08-10,0.24446666666666667,5.8672
2008-08-11,0.258275,6.198599999999999
2008-08-12,0.20068333333333332,4.8164
2008-08-13,0.19623888888888888,4.709733333333333
2008-08-14,0.18767916666666665,4.5043
2008-08-15,0.1900375,4.5609
2008-08-16,0.19084305555555556,4.580233333333333
2008-08-17,0.19083055555555556,4.579933333333333
2008-08-18,0.19010972222222222,4.562633333333333
2008-08-19,0.19075833333333334,4.5782
2008-08-20,0.18643888888888888,4.4745333333333335
2008-08-21,0.18145694444444443,4.354966666666666
2008-08-22,0.1855027777777778,4.452066666666667
2008-08-23,0.1768347222222222,4.244033333333333
2008-08-24,0.1768861111111111,4.245266666666667
2008-08-25,0.17381805555555555,4.171633333333333
2008-08-26,0.1788638888888889,4.2927333333333335
2008-08-27,0.17924583333333333,4.3019
2008-08-28,0.18628194444444443,4.470766666666666
2008-08-29,0.18582500000000002,4.4598
2008-08-30,0.18779444444444443,4.507066666666667
2008-08-31,1.04281723419041,25.02761362056984
2008-09-01,0.8663263888888889,20.791833333333333
2008-09-02,0.9612180555555555,23.069233333333333
2008-09-03,0.964226388888889,23.141433333333335
2008-09-04,0.8508472222222222,20.420333333333332
2008-09-05,0.6069166666666667,14.565999999999999
2008-09-06,1.2976208333333334,31.142900000000004
2008-09-07,0.9532333333333333,22.877599999999997
2008-09-08,0.9092527777777778,21.822066666666668
2008-09-09,0.8053152777777778,19.327566666666666
2008-09-10,0.9033083333333333,21.679399999999998
2008-09-11,0.7143847222222222,17.14523333333333
2008-09-12,0.9671958333333333,23.212699999999998
2008-09-13,1.1329416666666665,27.190599999999996
2008-09-14,1.0946708333333333,26.2721
2008-09-15,1.178963888888889,28.295133333333332
2008-09-16,0.8485152777777778,20.36436666666667
2008-09-17,1.0550069444444445,25.32016666666667
2008-09-18,1.0453402777777778,25.088166666666666
2008-09-19,1.0547541666666667,25.3141
2008-09-20,0.9059722222222222,21.743333333333332
2008-09-21,1.0646319444444443,25.551166666666663
2008-09-22,0.9434472222222223,22.642733333333336
2008-09-23,0.8561027777777778,20.546466666666667
2008-09-24,1.193298611111111,28.639166666666664
2008-09-25,0.7855694444444444,18.853666666666665
2008-09-26,0.9940625000000001,23.8575
2008-09-27,1.4773930555555554,35.45743333333333
2008-09-28,1.2021555555555556,28.851733333333335
2008-09-29,1.0428736111111112,25.02896666666667
2008-09-30,0.9548652777777779,22.916766666666668
2008-10-01,1.3002527777777777,31.206066666666665
2008-10-02,0.9342652777777778,22.42236666666667
2008-10-03,1.1198472222222222,26.876333333333335
2008-10-04,1.4586777777777777,35.008266666666664
2008-10-05,1.0763541666666667,25.832500000000003
2008-10-06,0.9887374999999999,23.729699999999998
2008-10-07,1.1990055555555554,28.77613333333333
2008-10-08,1.2920666666666667,31.0096
2008-10-09,1.3775569444444444,33.061366666666665
2008-10-10,1.0544013888888888,25.305633333333333
2008-10-11,1.1592958333333334,27.823100000000004
2008-10-12,1.3249583333333335,31.799000000000003
2008-10-13,1.015261111111111,24.36626666666666
2008-10-14,1.1174,26.8176
2008-10-15,1.4978444444444445,35.94826666666667
2008-10-16,1.0997777777777777,26.394666666666666
2008-10-17,1.296448611111111,31.114766666666668
2008-10-18,1.5549930555555556,37.319833333333335
2008-10-19,1.3693986111111112,32.865566666666666
2008-10-20,1.158023611111111,27.792566666666666
2008-10-21,1.433136111111111,34.395266666666664
2008-10-22,1.1430625,27.433500000000002
2008-10-23,1.2711763888888887,30.50823333333333
2008-10-24,1.4814069444444444,35.55376666666667
2008-10-25,1.0903049391553328,26.167318539727987
2008-10-26,0.36353611111111106,8.724866666666665
2008-10-27,0.36381388888888894,8.731533333333335
2008-10-28,0.9217291666666666,22.121499999999997
2008-10-29,1.1198444444444444,26.876266666666666
2008-10-30,0.7629166666666666,18.31
2008-10-31,0.892938888888889,21.430533333333337
2008-11-01,0.5767347222222222,13.841633333333334
2008-11-02,0.6323708333333333,15.1769
2008-11-03,0.5886111111111111,14.126666666666665
2008-11-04,1.0849416666666667,26.038600000000002
2008-11-05,2.177034722222222,52.24883333333332
2008-11-06,1.1030819444444444,26.473966666666666
2008-11-07,1.1244333333333334,26.986400000000003
2008-11-08,1.2035680555555555,28.88563333333333
2008-11-09,1.7906513888888889,42.975633333333334
2008-11-10,1.4587726638772665,35.01054393305439
2008-11-11,1.7055208333333332,40.9325
2008-11-12,1.5205104311543811,36.492250347705145
2008-11-13,0.8600416666666667,20.641000000000002
2008-11-14,1.1262069444444445,27.02896666666667
2008-11-15,2.105297222222222,50.52713333333333
2008-11-16,1.642661111111111,39.42386666666666
2008-11-17,1.0580805555555555,25.39393333333333
2008-11-18,1.2146180555555555,29.15083333333333
2008-11-19,1.2779430555555555,30.670633333333335
2008-11-20,1.1752333333333334,28.2056
2008-11-21,1.162451388888889,27.898833333333336
2008-11-22,1.18845,28.5228
2008-11-23,2.36645170257123,56.794840861709524
2008-11-24,2.231248611111111,53.54996666666666
2008-11-25,1.8769791666666666,45.0475
2008-11-26,1.0527458333333333,25.2659
2008-11-27,1.6404291666666666,39.3703
2008-11-28,1.3096972222222223,31.432733333333335
2008-11-29,1.6907416666666668,40.5778
2008-11-30,1.6676305555555555,40.023133333333334
2008-12-01,1.1225958333333332,26.942299999999996
2008-12-02,1.2454472222222222,29.89073333333333
2008-12-03,1.218863888888889,29.252733333333335
2008-12-04,1.2073874999999998,28.977299999999996
2008-12-05,1.4295958333333334,34.3103
2008-12-06,1.7526638888888888,42.06393333333333
2008-12-07,1.7130138888888888,41.11233333333333
2008-12-08,1.297663888888889,31.143933333333337
2008-12-09,1.3910722222222223,33.385733333333334
2008-12-10,1.540890510948905,36.98137226277372
2008-12-11,0.9948069444444444,23.875366666666665
2008-12-12,1.2607875,30.258899999999997
2008-12-13,1.2677597222222223,30.426233333333336
2008-12-14,1.390361111111111,33.36866666666666
2008-12-15,1.2468402777777778,29.924166666666668
2008-12-16,1.2479791666666666,29.9515
2008-12-17,1.4574902777777778,34.97976666666667
2008-12-18,1.2062083333333333,28.948999999999998
2008-12-19,1.3070222222222223,31.368533333333335
2008-12-20,1.5583752605976373,37.401006254343294
2008-12-21,1.8358402777777778,44.06016666666667
2008-12-22,1.3998666666666666,33.5968
2008-12-23,1.2486722222222222,29.968133333333334
2008-12-24,0.8816930555555555,21.160633333333333
2008-12-25,0.7368874999999999,17.685299999999998
2008-12-26,0.8498138888888889,20.395533333333333
2008-12-27,2.064002777777778,49.53606666666667
2008-12-28,1.0907236111111112,26.177366666666668
2008-12-29,0.38560972222222223,9.254633333333334
2008-12-30,0.8300263888888889,19.920633333333335
2008-12-31,1.3640194444444445,32.736466666666665
2009-01-01,0.9768694444444445,23.444866666666666
2009-01-02,1.616326388888889,38.79183333333334
2009-01-03,1.3288166666666668,31.891600000000004
2009-01-04,1.3472180555555555,32.33323333333333
2009-01-05,1.113888888888889,26.733333333333334
2009-01-06,1.1735152777777778,28.164366666666666
2009-01-07,1.4446333333333332,34.6712
2009-01-08,1.1342152777777779,27.22116666666667
2009-01-09,1.2421541666666667,29.811700000000002
2009-01-10,1.4603805555555556,35.04913333333333
2009-01-11,1.3722138888888888,32.93313333333333
2009-01-12,1.1036652777777778,26.487966666666665
2009-01-13,1.5156944444444445,36.376666666666665
2009-01-14,1.2343863794301597,29.62527310632383
2009-01-15,1.0861583333333333,26.0678
2009-01-16,1.9212180555555556,46.109233333333336
2009-01-17,2.304041666666667,55.29700000000001
2009-01-18,2.1904125,52.5699
2009-01-19,1.1804625,28.3311
2009-01-20,1.206963888888889,28.967133333333337
2009-01-21,1.2079402777777777,28.990566666666666
2009-01-22,0.859275,20.6226
2009-01-23,1.326761111111111,31.842266666666667
2009-01-24,1.5283125,36.6795
2009-01-25,1.9747666666666668,47.394400000000005
2009-01-26,1.1628277777777778,27.907866666666667
2009-01-27,0.9896041666666666,23.7505
2009-01-28,1.8900930555555555,45.362233333333336
2009-01-29,1.0928458333333333,26.228299999999997
2009-01-30,1.4298875,34.3173
2009-01-31,2.3005916666666666,55.2142
2009-02-01,1.289201141226819,30.940827389443655
2009-02-02,1.1134027777777777,26.721666666666664
2009-02-03,1.2974930555555557,31.139833333333335
2009-02-04,1.708975,41.0154
2009-02-05,1.1452,27.4848
2009-02-06,1.4224972222222223,34.13993333333333
2009-02-07,2.1746777777777777,52.19226666666667
2009-02-08,1.5158791666666667,36.3811
2009-02-09,1.1851652777777777,28.443966666666665
2009-02-10,1.349876388888889,32.39703333333333
2009-02-11,1.8329097222222221,43.98983333333333
2009-02-12,1.3671250000000001,32.81100000000001
2009-02-13,1.173626388888889,28.167033333333336
2009-02-14,1.6221098748261475,38.93063699582754
2009-02-15,1.1014111111111111,26.433866666666667
2009-02-16,0.9159680555555555,21.98323333333333
2009-02-17,0.5520466101694915,13.249118644067796
2009-02-18,0.5739236111111111,13.774166666666666
2009-02-19,0.5119916666666667,12.2878
2009-02-20,1.3060666666666667,31.3456
2009-02-21,0.9140166666666667,21.9364
2009-02-22,1.5544986111111112,37.30796666666667
2009-02-23,1.8983722222222221,45.56093333333333
2009-02-24,1.2382944444444444,29.719066666666663
2009-02-25,0.8123916666666667,19.497400000000003
2009-02-26,0.8033694444444445,19.280866666666668
2009-02-27,1.4089708333333333,33.8153
2009-02-28,1.1324652777777777,27.179166666666667
2009-03-01,1.7148200138985408,41.15568033356498
2009-03-02,1.0260013888888888,24.62403333333333
2009-03-03,1.2839944444444444,30.815866666666665
2009-03-04,1.2792569444444446,30.70216666666667
2009-03-05,1.0012583333333334,24.0302
2009-03-06,1.238523611111111,29.724566666666668
2009-03-07,1.1781013888888887,28.274433333333327
2009-03-08,1.6369208333333334,39.286100000000005
2009-03-09,1.170525,28.0926
2009-03-10,1.2751458333333334,30.603500000000004
2009-03-11,1.6707666666666667,40.0984
2009-03-12,1.3105972222222222,31.45433333333333
2009-03-13,1.0038333333333334,24.092
2009-03-14,1.4923805555555554,35.81713333333333
2009-03-15,1.3486541666666665,32.3677
2009-03-16,0.9275413481584434,22.260992355802642
2009-03-17,1.3416041666666667,32.1985
2009-03-18,1.0074166666666666,24.177999999999997
2009-03-19,0.8274527777777777,19.858866666666664
2009-03-20,1.016601388888889,24.398433333333337
2009-03-21,1.3402930555555554,32.16703333333333
2009-03-22,1.1730347222222224,28.152833333333337
2009-03-23,0.9003125000000001,21.6075
2009-03-24,1.1539666666666666,27.6952
2009-03-25,1.2769263888888889,30.646233333333335
2009-03-26,0.8409749999999999,20.1834
2009-03-27,1.1902263888888889,28.56543333333333
2009-03-28,1.5701222222222222,37.68293333333333
2009-03-29,1.5393402777777778,36.94416666666667
2009-03-30,1.0260083333333334,24.624200000000002
2009-03-31,1.2663069444444444,30.391366666666663
2009-04-01,1.1396805555555556,27.352333333333334
2009-04-02,1.1418986111111111,27.405566666666665
2009-04-03,0.9467083333333334,22.721
2009-04-04,1.5216888888888889,36.52053333333333
2009-04-05,0.9553583333333333,22.9286
2009-04-06,1.0087736111111112,24.21056666666667
2009-04-07,1.0000638888888889,24.001533333333334
2009-04-08,1.0656944444444443,25.57666666666666
2009-04-09,1.3128277777777777,31.507866666666665
2009-04-10,1.2792458333333334,30.701900000000002
2009-04-11,1.7100319444444443,41.04076666666666
2009-04-12,1.486813888888889,35.68353333333334
2009-04-13,1.1116995827538247,26.680789986091796
2009-04-14,1.0427347222222223,25.025633333333335
2009-04-15,0.8444875,20.267699999999998
2009-04-16,1.0864749999999999,26.075399999999995
2009-04-17,1.4186180555555554,34.04683333333333
2009-04-18,1.0501847222222223,25.204433333333334
2009-04-19,0.8933805555555556,21.441133333333333
2009-04-20,1.0322986111111112,24.77516666666667
2009-04-21,1.3156930555555555,31.576633333333334
2009-04-22,1.0390263888888889,24.936633333333333
2009-04-23,0.7926805555555556,19.024333333333335
2009-04-24,0.8292,19.9008
2009-04-25,1.404363888888889,33.70473333333334
2009-04-26,1.2372402777777778,29.69376666666667
2009-04-27,0.9386305555555555,22.52713333333333
2009-04-28,1.1849902777777777,28.439766666666664
2009-04-29,1.1560277777777779,27.744666666666667
2009-04-30,1.2741402777777777,30.579366666666665
2009-05-01,1.0505569444444445,25.213366666666666
2009-05-02,0.9679930555555556,23.231833333333334
2009-05-03,1.1172763888888888,26.814633333333333
2009-05-04,1.158251388888889,27.798033333333336
2009-05-05,1.2024124999999999,28.857899999999997
2009-05-06,0.9374319444444444,22.498366666666666
2009-05-07,0.7032277777777778,16.877466666666667
2009-05-08,1.2896916666666667,30.9526
2009-05-09,0.8759388888888889,21.022533333333335
2009-05-10,1.366610145934677,32.79864350243224
2009-05-11,1.0535944444444445,25.28626666666667
2009-05-12,1.1291361111111111,27.099266666666665
2009-05-13,0.8655541666666666,20.7733
2009-05-14,1.115961111111111,26.783066666666663
2009-05-15,0.9876569444444445,23.703766666666667
2009-05-16,1.3940124999999999,33.4563
2009-05-17,1.0720583333333333,25.7294
2009-05-18,0.8402124999999999,20.1651
2009-05-19,1.1231555555555557,26.955733333333335
2009-05-20,0.907751388888889,21.786033333333336
2009-05-21,1.0938541666666668,26.252500000000005
2009-05-22,0.7463930555555556,17.913433333333334
2009-05-23,1.0629152777777777,25.509966666666664
2009-05-24,0.8942958333333334,21.4631
2009-05-25,0.9403444444444444,22.568266666666666
2009-05-26,0.9308796102992345,22.34111064718163
2009-05-27,1.072425,25.7382
2009-05-28,0.8192611111111112,19.662266666666667
2009-05-29,0.8630875,20.714100000000002
2009-05-30,1.1521569444444444,27.651766666666667
2009-05-31,0.6645069444444445,15.948166666666667
2009-06-01,1.0022638888888888,24.054333333333332
2009-06-02,0.7573875,18.1773
2009-06-03,0.9420680555555555,22.60963333333333
2009-06-04,0.7192083333333333,17.261
2009-06-05,0.8544166666666666,20.506
2009-06-06,1.0246180555555555,24.590833333333332
2009-06-07,0.8384666666666667,20.1232
2009-06-08,0.8185944444444445,19.64626666666667
2009-06-09,0.9255902777777777,22.214166666666664
2009-06-10,1.1131916666666668,26.716600000000003
2009-06-11,0.9032291666666667,21.677500000000002
2009-06-12,0.7650916666666666,18.362199999999998
2009-06-13,0.4739333333333333,11.3744
2009-06-15,0.7836629441624365,18.807910659898475
2009-06-16,1.047772222222222,25.14653333333333
2009-06-17,0.6861222222222222,16.466933333333333
2009-06-18,0.8095138888888889,19.428333333333335
2009-06-19,0.7547680555555556,18.114433333333334
2009-06-20,0.7688194444444444,18.451666666666664
2009-06-21,0.5938486111111112,14.252366666666669
2009-06-22,0.7597902777777777,18.234966666666665
2009-06-23,0.7216763888888889,17.320233333333334
2009-06-24,1.0658847222222223,25.581233333333337
2009-06-25,0.5356680555555555,12.856033333333333
2009-06-26,0.8870291666666665,21.2887
2009-06-27,1.1868416666666666,28.484199999999998
2009-06-28,0.7356902777777777,17.656566666666667
2009-06-29,0.7014819444444444,16.835566666666665
2009-06-30,0.8280875,19.8741
2009-07-01,0.8460708333333334,20.3057
2009-07-02,0.8629013888888889,20.709633333333333
2009-07-03,0.6001027777777778,14.402466666666665
2009-07-04,0.8601166666666666,20.6428
2009-07-05,0.9796777777777779,23.51226666666667
2009-07-06,0.6626805555555555,15.904333333333332
2009-07-07,0.7709277777777778,18.502266666666667
2009-07-08,0.8572222222222223,20.573333333333338
2009-07-09,0.587675,14.104199999999999
2009-07-10,0.826683844011142,19.84041225626741
2009-07-11,0.6902555555555555,16.566133333333333
2009-07-12,0.3565819444444444,8.557966666666665
2009-07-13,0.3449625,8.2791
2009-07-14,0.6329374999999999,15.190499999999998
2009-07-15,0.49866249999999995,11.967899999999998
2009-07-16,0.41635694444444443,9.992566666666667
2009-07-17,0.5082,12.1968
2009-07-18,0.6711180555555555,16.10683333333333
2009-07-19,0.8358638888888889,20.06073333333333
2009-07-20,0.4600597222222222,11.041433333333332
2009-07-21,0.5651125,13.5627
2009-07-22,0.5135638888888889,12.325533333333334
2009-07-23,0.7152777777777778,17.166666666666668
2009-07-24,0.39009583333333336,9.362300000000001
2009-07-25,0.3727,8.944799999999999
2009-07-26,0.3770944444444444,9.050266666666666
2009-07-27,0.4781708333333334,11.4761
2009-07-28,0.6269791666666666,15.0475
2009-07-29,0.6263888888888889,15.033333333333333
2009-07-30,0.5502263888888889,13.205433333333332
2009-07-31,0.6776597222222223,16.263833333333334
2009-08-01,0.4909486111111111,11.782766666666667
2009-08-02,0.3400861111111111,8.162066666666666
2009-08-03,0.3474291666666667,8.3383
2009-08-04,0.3533972222222222,8.481533333333333
2009-08-05,0.360175,8.644200000000001
2009-08-06,0.36991111111111113,8.877866666666668
2009-08-07,0.37451111111111113,8.988266666666668
2009-08-08,0.3656055555555555,8.774533333333332
2009-08-09,0.6932180555555556,16.637233333333334
2009-08-10,0.7426097222222222,17.822633333333332
2009-08-11,0.6603847222222222,15.849233333333334
2009-08-12,0.5725250000000001,13.7406
2009-08-13,1.10535883424408,26.528612021857924
2009-08-14,0.5199138888888889,12.477933333333333
2009-08-15,1.0514319444444444,25.234366666666666
2009-08-16,0.8456333333333333,20.2952
2009-08-17,0.5457694444444444,13.098466666666667
2009-08-18,0.7504152777777777,18.009966666666664
2009-08-19,0.6116263888888889,14.679033333333333
2009-08-20,0.5386958333333334,12.928700000000001
2009-08-21,0.8067680555555556,19.362433333333335
2009-08-22,1.0755125,25.8123
2009-08-23,0.7407694444444445,17.778466666666667
2009-08-24,0.8696208333333333,20.8709
2009-08-25,0.6552847222222222,15.726833333333333
2009-08-26,0.7892680555555556,18.942433333333334
2009-08-27,0.5204625,12.491100000000001
2009-08-28,0.7769736111111112,18.64736666666667
2009-08-29,0.9641763888888889,23.140233333333335
2009-08-30,1.1585708333333333,27.8057
2009-08-31,0.8788347222222221,21.092033333333333
2009-09-01,0.6809277777777777,16.342266666666664
2009-09-02,0.8491763888888889,20.380233333333333
2009-09-03,0.8688805555555557,20.853133333333336
2009-09-04,0.7113805555555555,17.07313333333333
2009-09-05,1.0512958333333333,25.231099999999998
2009-09-06,0.8532152777777778,20.47716666666667
2009-09-07,0.8482347222222223,20.357633333333336
2009-09-08,0.7543430555555555,18.104233333333333
2009-09-09,1.056488888888889,25.355733333333337
2009-09-10,0.7724680555555555,18.539233333333332
2009-09-11,0.8431569444444444,20.235766666666667
2009-09-12,1.4335819444444446,34.40596666666667
2009-09-13,1.0912453092425294,26.189887421820707
2009-09-14,1.0936513888888888,26.247633333333333
2009-09-15,1.0116708333333333,24.280099999999997
2009-09-16,1.2105291666666667,29.0527
2009-09-17,0.8496013888888888,20.39043333333333
2009-09-18,0.9541888888888889,22.900533333333332
2009-09-19,1.4831319444444444,35.595166666666664
2009-09-20,1.4134222222222221,33.922133333333335
2009-09-21,0.9846305555555556,23.631133333333334
2009-09-22,0.86565,20.7756
2009-09-23,1.1365347222222222,27.276833333333332
2009-09-24,0.9904569444444444,23.770966666666666
2009-09-25,0.8062611111111112,19.35026666666667
2009-09-26,1.0807319444444443,25.93756666666666
2009-09-27,0.9794944444444444,23.507866666666665
2009-09-28,0.9024,21.6576
2009-09-29,0.7961097222222222,19.106633333333335
2009-09-30,1.232778859527121,29.5866926286509
2009-10-01,0.893925,21.4542
2009-10-02,0.8004638888888889,19.211133333333333
2009-10-03,1.1921805555555556,28.612333333333332
2009-10-04,1.1257680555555556,27.018433333333334
2009-10-05,0.8857791666666667,21.2587
2009-10-06,0.9919777777777778,23.80746666666667
2009-10-07,1.2651625,30.3639
2009-10-08,1.0952541666666666,26.286099999999998
2009-10-09,0.9387930555555556,22.531033333333333
2009-10-10,1.3977472222222223,33.54593333333334
2009-10-11,1.3469659485753998,32.327182765809596
2009-10-12,0.938613888888889,22.526733333333336
2009-10-13,1.0063194444444443,24.151666666666664
2009-10-14,1.18835,28.520400000000002
2009-10-15,1.0347055555555555,24.832933333333333
2009-10-16,1.053375,25.281
2009-10-17,1.9042222222222223,45.70133333333334
2009-10-18,1.0806694444444445,25.93606666666667
2009-10-19,0.9507694444444444,22.818466666666666
2009-10-20,1.1963944444444445,28.71346666666667
2009-10-21,1.3677125,32.825100000000006
2009-10-22,0.9720208333333333,23.3285
2009-10-23,1.2204513888888888,29.29083333333333
2009-10-24,1.815561111111111,43.57346666666666
2009-10-25,1.6712055555555556,40.10893333333333
2009-10-26,0.7724611111111112,18.539066666666667
2009-10-27,0.775525,18.6126
2009-10-28,0.8810472222222223,21.145133333333334
2009-10-29,1.3760000000000001,33.024
2009-10-30,1.0370541666666666,24.8893
2009-10-31,1.3027375,31.265700000000002
2009-11-01,1.2799777777777777,30.719466666666662
2009-11-02,1.0446013888888888,25.07043333333333
2009-11-03,1.5740888888888889,37.77813333333333
2009-11-04,1.25125,30.03
2009-11-05,1.0836569444444444,26.007766666666665
2009-11-06,0.9655902777777778,23.174166666666668
2009-11-07,1.0813722222222222,25.952933333333334
2009-11-08,1.7416680555555555,41.80003333333333
2009-11-09,0.9762001389854065,23.428803335649754
2009-11-10,1.1154055555555555,26.769733333333335
2009-11-11,1.417,34.008
2009-11-12,1.0160180555555556,24.384433333333334
2009-11-13,1.0645319444444443,25.548766666666666
2009-11-14,1.7780944444444446,42.67426666666667
2009-11-15,1.366186111111111,32.788466666666665
2009-11-16,1.0517138888888888,25.24113333333333
2009-11-17,1.186315277777778,28.471566666666668
2009-11-18,1.8327597222222223,43.98623333333333
2009-11-19,1.0242,24.5808
2009-11-20,1.3618166666666667,32.6836
2009-11-21,1.733927777777778,41.61426666666667
2009-11-22,1.7020666666666668,40.8496
2009-11-23,1.0216125,24.518700000000003
2009-11-24,1.4783722222222224,35.48093333333334
2009-11-25,1.3750902777777778,33.00216666666667
2009-11-26,1.110851388888889,26.660433333333334
2009-11-27,0.9583513888888889,23.000433333333334
2009-11-28,1.2909375,30.9825
2009-11-29,1.1465013888888889,27.516033333333333
2009-11-30,1.2119375000000001,29.0865
2009-12-01,1.2197069444444444,29.272966666666665
2009-12-02,1.6289361111111111,39.09446666666667
2009-12-03,1.0275611111111111,24.66146666666667
2009-12-04,1.1883986111111111,28.521566666666665
2009-12-05,1.6331680555555557,39.19603333333333
2009-12-06,1.651588888888889,39.638133333333336
2009-12-07,1.2101652777777778,29.04396666666667
2009-12-08,1.3936694444444444,33.44806666666666
2009-12-09,1.2516361111111112,30.03926666666667
2009-12-10,1.4285716272600835,34.285719054242
2009-12-11,1.2392097222222223,29.741033333333334
2009-12-12,1.2613750000000001,30.273000000000003
2009-12-13,1.4852874999999999,35.646899999999995
2009-12-14,1.2464319444444445,29.914366666666666
2009-12-15,1.3473027777777777,32.33526666666667
2009-12-16,0.9686625,23.2479
2009-12-17,1.1924875,28.619699999999998
2009-12-18,1.2116013888888888,29.07843333333333
2009-12-19,1.5307875,36.7389
2009-12-20,0.7945597222222222,19.069433333333333
2009-12-21,1.4131708333333333,33.9161
2009-12-22,1.3111263888888889,31.467033333333333
2009-12-23,1.0105555555555557,24.253333333333337
2009-12-24,2.0179819444444442,48.43156666666666
2009-12-25,1.4775333333333334,35.4608
2009-12-26,1.5164013888888888,36.39363333333333
2009-12-27,1.5246194444444443,36.59086666666666
2009-12-28,1.4542347222222223,34.901633333333336
2009-12-29,1.4222000000000001,34.1328
2009-12-30,1.7021597222222222,40.85183333333333
2009-12-31,1.536036111111111,36.864866666666664
2010-01-01,0.850175,20.4042
2010-01-02,0.9095455177206393,21.829092425295343
2010-01-03,1.4468430555555556,34.72423333333333
2010-01-04,1.1139805555555555,26.735533333333333
2010-01-05,1.541513888888889,36.99633333333334
2010-01-06,1.2341527777777779,29.619666666666667
2010-01-07,1.2287791666666668,29.490700000000004
2010-01-08,1.248061111111111,29.953466666666664
2010-01-09,1.6228472222222223,38.94833333333334
2010-01-10,1.7419902777777776,41.807766666666666
2010-01-11,1.0546416666666667,25.3114
2010-01-12,1.4362127659574468,34.46910638297872
2010-01-14,2.0754630872483224,49.81111409395974
2010-01-15,1.525527777777778,36.61266666666667
2010-01-16,1.4931333333333334,35.8352
2010-01-17,1.3239972222222223,31.775933333333334
2010-01-18,1.3063180555555556,31.351633333333332
2010-01-19,1.689936111111111,40.55846666666667
2010-01-20,1.6331444444444445,39.19546666666667
2010-01-21,1.484622222222222,35.63093333333333
2010-01-22,1.2434902777777777,29.843766666666664
2010-01-23,1.8127241139680335,43.5053787352328
2010-01-24,1.575986111111111,37.82366666666667
2010-01-25,1.3406319444444443,32.17516666666666
2010-01-26,1.4358083333333331,34.459399999999995
2010-01-27,1.9172930555555556,46.015033333333335
2010-01-28,1.4654402777777777,35.170566666666666
2010-01-29,1.4534652777777777,34.88316666666667
2010-01-30,1.9741166666666667,47.3788
2010-01-31,1.2494416666666666,29.986599999999996
2010-02-01,1.1762347222222223,28.229633333333332
2010-02-02,1.4982166666666665,35.9572
2010-02-03,2.0159819444444445,48.38356666666667
2010-02-04,1.6085208333333334,38.6045
2010-02-05,1.4575638888888887,34.98153333333333
2010-02-06,1.8840180555555555,45.21643333333333
2010-02-07,1.1289638888888889,27.095133333333333
2010-02-08,1.7932208333333333,43.0373
2010-02-09,1.6812027777777776,40.348866666666666
2010-02-10,1.3513148019457957,32.4315552466991
2010-02-11,0.9512277777777778,22.82946666666667
2010-02-12,1.3145819444444444,31.549966666666666
2010-02-13,1.633025,39.1926
2010-02-14,1.1721320361362058,28.13116886726894
2010-02-15,1.4563416666666666,34.9522
2010-02-16,1.2484416666666667,29.962600000000002
2010-02-17,1.4267777777777777,34.242666666666665
2010-02-18,1.223025,29.352600000000002
2010-02-19,1.3566472222222221,32.559533333333334
2010-02-20,1.377588888888889,33.062133333333335
2010-02-21,1.9029958333333332,45.671899999999994
2010-02-22,1.0236361111111112,24.56726666666667
2010-02-23,1.0147777777777778,24.354666666666667
2010-02-24,1.3293597222222222,31.904633333333333
2010-02-25,1.3056972222222223,31.336733333333335
2010-02-26,1.4723305555555555,35.33593333333333
2010-02-27,1.2257333333333333,29.4176
2010-02-28,0.49421250000000005,11.8611
2010-03-01,0.9018944444444444,21.645466666666668
2010-03-02,0.5325736111111111,12.781766666666666
2010-03-03,0.6498847222222222,15.597233333333332
2010-03-04,0.4742222222222222,11.381333333333334
2010-03-05,0.7873097222222223,18.895433333333337
2010-03-06,0.5518833333333333,13.245199999999999
2010-03-07,0.9531055555555555,22.874533333333332
2010-03-08,1.7757625,42.6183
2010-03-09,1.2223000000000002,29.335200000000004
2010-03-10,1.2657166666666666,30.3772
2010-03-11,1.3549236111111111,32.518166666666666
2010-03-12,1.1426555555555555,27.42373333333333
2010-03-13,1.6548680555555555,39.716833333333334
2010-03-14,1.0879958333333333,26.1119
2010-03-15,1.2443402777777777,29.864166666666662
2010-03-16,1.0712847222222224,25.710833333333337
2010-03-17,1.3952291666666665,33.485499999999995
2010-03-18,1.0851958333333334,26.0447
2010-03-19,1.1551277777777778,27.723066666666668
2010-03-20,0.5678103448275862,13.627448275862069
2010-03-21,1.4771046698872787,35.45051207729469
2010-03-22,1.1240208333333332,26.976499999999998
2010-03-23,1.265390277777778,30.36936666666667
2010-03-24,1.3852444444444445,33.24586666666667
2010-03-25,1.166586111111111,27.998066666666666
2010-03-26,1.146725,27.5214
2010-03-27,1.2833125,30.799500000000002
2010-03-28,1.2487597222222222,29.970233333333333
2010-03-29,1.126901388888889,27.045633333333335
2010-03-30,1.3239263888888888,31.77423333333333
2010-03-31,1.3359736111111111,32.06336666666667
2010-04-01,1.1718333333333333,28.124
2010-04-02,1.1448763888888889,27.47703333333333
2010-04-03,1.2536652777777777,30.087966666666667
2010-04-04,1.1738805555555556,28.173133333333332
2010-04-05,0.7769583333333333,18.647
2010-04-06,1.267952777777778,30.43086666666667
2010-04-07,1.1090152777777778,26.616366666666664
2010-04-08,1.1452916666666666,27.487
2010-04-09,0.8564930555555554,20.555833333333332
2010-04-10,0.8265333333333333,19.8368
2010-04-11,1.1138359972202918,26.732063933287
2010-04-12,0.9996013888888888,23.990433333333332
2010-04-13,1.0504888888888888,25.21173333333333
2010-04-14,1.1530305555555556,27.672733333333333
2010-04-15,1.3001236111111112,31.20296666666667
2010-04-16,1.0847652777777776,26.034366666666664
2010-04-17,1.0817444444444444,25.961866666666666
2010-04-18,1.0250736111111112,24.60176666666667
2010-04-19,1.186523611111111,28.476566666666663
2010-04-20,1.2733527777777778,30.560466666666667
2010-04-21,1.0971625,26.3319
2010-04-22,1.0145166666666667,24.3484
2010-04-23,0.8198166666666667,19.675600000000003
2010-04-24,1.0544569444444443,25.30696666666666
2010-04-25,1.071348611111111,25.712366666666664
2010-04-26,0.751886111111111,18.045266666666663
2010-04-27,0.8687083333333334,20.849000000000004
2010-04-28,0.6026791666666667,14.4643
2010-04-29,0.7664749999999999,18.3954
2010-04-30,0.776825,18.6438
2010-05-01,0.9167763888888888,22.002633333333332
2010-05-02,1.5193819444444443,36.46516666666666
2010-05-03,0.9800708333333332,23.521699999999996
2010-05-04,1.0534444444444444,25.282666666666664
2010-05-05,1.253686111111111,30.088466666666665
2010-05-06,0.9022569444444445,21.65416666666667
2010-05-07,1.1416694444444444,27.400066666666667
2010-05-08,1.0648763888888888,25.55703333333333
2010-05-09,1.0878541666666666,26.1085
2010-05-10,1.0193694444444446,24.46486666666667
2010-05-11,1.0912277777777777,26.189466666666664
2010-05-12,1.4134847222222222,33.923633333333335
2010-05-13,1.0788714384989577,25.892914523974987
2010-05-14,1.1959347222222223,28.702433333333335
2010-05-15,1.3505361111111112,32.412866666666666
2010-05-16,1.4586291666666666,35.0071
2010-05-17,1.1306819444444445,27.136366666666667
2010-05-18,0.9869333333333333,23.6864
2010-05-19,0.9908,23.7792
2010-05-20,0.8013180555555555,19.23163333333333
2010-05-21,0.898886111111111,21.573266666666665
2010-05-22,1.4553972222222222,34.92953333333333
2010-05-23,1.033025,24.7926
2010-05-24,0.9314805555555556,22.355533333333334
2010-05-25,0.8323791666666667,19.9771
2010-05-26,0.9638083333333334,23.1314
2010-05-27,0.9189875000000001,22.0557
2010-05-28,0.9709472222222222,23.302733333333332
2010-05-29,1.4234777777777778,34.163466666666665
2010-05-30,1.1567361111111112,27.76166666666667
2010-05-31,0.9308763888888889,22.341033333333336
2010-06-01,0.8812249999999999,21.1494
2010-06-02,0.6811791666666667,16.348300000000002
2010-06-03,0.9681847222222222,23.23643333333333
2010-06-04,0.9864958333333333,23.6759
2010-06-05,1.3955861111111112,33.49406666666667
2010-06-06,1.21305,29.1132
2010-06-07,0.7028347222222222,16.868033333333333
2010-06-08,0.9458569444444446,22.70056666666667
2010-06-09,1.065751388888889,25.578033333333337
2010-06-10,0.8438819444444445,20.25316666666667
2010-06-11,1.0213,24.511200000000002
2010-06-12,1.371166087560806,32.90798610145934
2010-06-13,1.1627472222222222,27.90593333333333
2010-06-14,0.8458222222222221,20.299733333333332
2010-06-15,0.8499763888888888,20.39943333333333
2010-06-16,1.2278416666666667,29.468200000000003
2010-06-17,0.7139013888888889,17.133633333333332
2010-06-18,0.9252194444444445,22.205266666666667
2010-06-19,0.9834861111111112,23.60366666666667
2010-06-20,1.1614930555555556,27.875833333333333
2010-06-21,1.1533958333333334,27.6815
2010-06-22,1.055963888888889,25.343133333333334
2010-06-23,1.0014333333333334,24.0344
2010-06-24,0.7609583333333333,18.262999999999998
2010-06-25,0.7634986111111112,18.323966666666667
2010-06-26,0.6816805555555555,16.360333333333333
2010-06-27,0.7916416666666666,18.999399999999998
2010-06-28,1.021763888888889,24.522333333333336
2010-06-29,0.9501709520500348,22.804102849200834
2010-06-30,0.9612055555555555,23.068933333333334
2010-07-01,0.9368069444444445,22.48336666666667
2010-07-02,0.7923111111111112,19.01546666666667
2010-07-03,0.7778291666666667,18.6679
2010-07-04,1.0681166666666666,25.6348
2010-07-05,0.7736041666666666,18.566499999999998
2010-07-06,0.6985652777777778,16.765566666666665
2010-07-07,0.5797138888888889,13.913133333333333
2010-07-08,0.8421194444444444,20.210866666666668
2010-07-09,0.7524152777777778,18.05796666666667
2010-07-10,0.8017388888888888,19.24173333333333
2010-07-11,0.8288694444444445,19.89286666666667
2010-07-12,0.7705375000000001,18.492900000000002
2010-07-13,0.9598013888888889,23.035233333333334
2010-07-14,0.9788,23.4912
2010-07-15,1.134928422515636,27.23828214037526
2010-07-16,0.5694833333333333,13.6676
2010-07-17,0.5599666666666666,13.4392
2010-07-18,0.5639152777777778,13.533966666666668
2010-07-19,0.5563597222222222,13.352633333333333
2010-07-20,0.5943222222222222,14.263733333333333
2010-07-21,0.7390041666666666,17.736099999999997
2010-07-22,0.8086430555555555,19.40743333333333
2010-07-23,0.8167763888888888,19.60263333333333
2010-07-24,0.6400472222222222,15.361133333333333
2010-07-25,0.7850069444444445,18.84016666666667
2010-07-26,0.6139930555555555,14.735833333333332
2010-07-27,0.6613611111111111,15.872666666666666
2010-07-28,0.5990652777777777,14.377566666666667
2010-07-29,0.38132222222222223,9.151733333333333
2010-07-30,0.38281944444444443,9.187666666666667
2010-07-31,0.38515,9.2436
2010-08-01,0.38587777777777776,9.261066666666666
2010-08-02,0.38158472222222223,9.158033333333334
2010-08-03,0.42723055555555556,10.253533333333333
2010-08-04,0.37733055555555556,9.055933333333334
2010-08-05,0.37046944444444446,8.891266666666667
2010-08-06,0.36440694444444444,8.745766666666666
2010-08-07,0.36630277777777775,8.791266666666665
2010-08-08,0.3669861111111111,8.807666666666666
2010-08-09,0.3715722222222222,8.917733333333333
2010-08-10,0.3783041666666667,9.079300000000002
2010-08-11,0.3763902777777777,9.033366666666666
2010-08-12,0.3678458333333333,8.828299999999999
2010-08-13,0.37103749999999996,8.9049
2010-08-14,0.3849097222222222,9.237833333333333
2010-08-15,0.7333236111111112,17.599766666666667
2010-08-16,0.7845347222222222,18.828833333333332
2010-08-17,0.775120443740095,18.60289064976228
2010-08-22,0.6140657894736842,14.73757894736842
2010-08-23,0.5317069444444444,12.760966666666667
2010-08-24,0.5020472222222222,12.049133333333334
2010-08-25,0.6808388888888889,16.340133333333334
2010-08-26,0.5258694444444444,12.620866666666664
2010-08-27,1.4101736111111112,33.844166666666666
2010-08-28,1.0019833333333332,24.047599999999996
2010-08-29,1.1586666666666667,27.808
2010-08-30,1.0380569444444443,24.91336666666666
2010-08-31,0.9479902777777778,22.75176666666667
2010-09-01,1.1064708333333333,26.5553
2010-09-02,0.9670083333333334,23.2082
2010-09-03,0.9350097222222222,22.44023333333333
2010-09-04,1.2109999999999999,29.063999999999997
2010-09-05,0.9187625,22.0503
2010-09-06,0.9881083333333334,23.7146
2010-09-07,1.0082319444444445,24.197566666666667
2010-09-08,0.9054249999999999,21.730199999999996
2010-09-09,0.8602180555555555,20.645233333333334
2010-09-10,0.9222972222222222,22.135133333333332
2010-09-11,1.0161875,24.3885
2010-09-12,1.1195083333333333,26.8682
2010-09-13,0.7474444444444444,17.938666666666663
2010-09-14,0.993526388888889,23.844633333333334
2010-09-15,0.6847875,16.4349
2010-09-16,0.9303736111111112,22.328966666666666
2010-09-17,1.0400055555555556,24.960133333333335
2010-09-18,0.8666291666666666,20.799099999999996
2010-09-19,0.6386111111111111,15.326666666666668
2010-09-20,1.1686333333333334,28.047200000000004
2010-09-21,0.7717888888888889,18.522933333333334
2010-09-22,1.0488847222222222,25.173233333333332
2010-09-23,1.0068486111111112,24.16436666666667
2010-09-24,0.9222166666666667,22.133200000000002
2010-09-25,0.4491779661016949,10.780271186440679
2010-09-28,1.6391149825783973,39.33875958188153
2010-09-29,1.1697402777777777,28.073766666666664
2010-09-30,0.8668597222222222,20.80463333333333
2010-10-01,1.045013888888889,25.080333333333336
2010-10-02,1.3355930555555555,32.05423333333333
2010-10-03,1.2713083333333333,30.5114
2010-10-04,1.2333055555555557,29.599333333333334
2010-10-05,1.2879333333333334,30.910400000000003
2010-10-06,0.913511111111111,21.924266666666664
2010-10-07,1.2569124999999999,30.165899999999997
2010-10-08,1.0489277777777777,25.174266666666664
2010-10-09,1.1192916666666666,26.863
2010-10-10,1.3881277777777778,33.31506666666667
2010-10-11,1.126798611111111,27.043166666666664
2010-10-12,1.0970083333333334,26.328200000000002
2010-10-13,1.4401986111111111,34.56476666666667
2010-10-14,1.482723611111111,35.585366666666665
2010-10-15,1.1085583333333333,26.6054
2010-10-16,0.6944541666666667,16.666900000000002
2010-10-17,0.7273486111111112,17.456366666666668
2010-10-18,1.8846416666666668,45.2314
2010-10-19,1.3374847222222224,32.09963333333334
2010-10-20,1.199975,28.7994
2010-10-21,0.9411097222222223,22.586633333333335
2010-10-22,1.1589527777777777,27.814866666666667
2010-10-23,1.592525,38.2206
2010-10-24,1.661256428075052,39.87015427380125
2010-10-25,0.8078416666666666,19.388199999999998
2010-10-26,0.6568777777777778,15.765066666666666
2010-10-27,0.8751930555555556,21.004633333333334
2010-10-28,1.0161986111111112,24.38876666666667
2010-10-29,0.8364041666666667,20.073700000000002
2010-10-30,1.4949305555555554,35.87833333333333
2010-10-31,1.025298611111111,24.607166666666664
2010-11-01,0.9605416666666667,23.053
2010-11-02,0.8271402777777779,19.85136666666667
2010-11-03,0.8981236111111112,21.55496666666667
2010-11-04,1.7744069444444446,42.58576666666667
2010-11-05,1.2056166666666666,28.934799999999996
2010-11-06,1.2537555555555555,30.090133333333334
2010-11-07,1.1623722222222221,27.89693333333333
2010-11-08,1.2677361111111112,30.425666666666668
2010-11-09,1.4042347222222222,33.701633333333334
2010-11-10,1.3517597222222224,32.442233333333334
2010-11-11,1.231661111111111,29.559866666666665
2010-11-12,1.2755708333333333,30.6137
2010-11-13,1.4049819444444445,33.719566666666665
2010-11-14,1.41555,33.973200000000006
2010-11-15,1.2134597222222223,29.123033333333336
2010-11-16,1.0484361111111111,25.162466666666667
2010-11-17,1.0986333333333334,26.3672
2010-11-18,1.1473277777777777,27.535866666666664
2010-11-19,1.0905555555555557,26.17333333333334
2010-11-20,1.525698611111111,36.61676666666666
2010-11-21,0.6256319444444445,15.015166666666667
2010-11-22,1.4177333333333333,34.0256
2010-11-23,1.095511111111111,26.292266666666666
2010-11-24,1.2473944444444445,29.937466666666666
2010-11-25,0.9938638888888889,23.852733333333333
2010-11-26,1.1782296120348377,28.277510688836102
